"prize"	"p_val"	"avg_log2FC"	"pct.1"	"pct.2"	"p_val_adj"
"RR48373-transposable-element"	2.40876862888129	6.33117390232339e-174	2.40876862888129	0.656	0.347	1.01760958132044e-169
"lncRNA:noe"	0.291925421560309	4.65862151370399e-142	0.291925421560309	0.958	0.768	7.48780235897643e-138
"FBti0020120"	2.13425357239412	4.66760465512062e-136	2.13425357239412	0.528	0.252	7.50224096217538e-132
"lncRNA:CR40469"	1.99675367171807	1.17309748228937e-115	1.99675367171807	0.176	0.005	1.8855195832837e-111
"FBti0063007"	1.57710468307712	4.82744316908705e-79	1.57710468307712	0.311	0.103	7.75914940567361e-75
"FBti0019150"	1.56223489859142	2.290325158991e-68	1.56223489859142	0.229	0.06	3.68123962804623e-64
"FBti0019000"	1.4831442487016	5.28008809002493e-68	1.4831442487016	0.271	0.09	8.48668558709706e-64
"mt:CoI"	0.417900681059827	4.38652055040857e-56	0.417900681059827	0.907	0.782	7.05045448067169e-52
"Arc1"	0.49800039639331	6.3500305911886e-49	0.49800039639331	0.469	0.27	1.02064041692174e-44
"mt:ATPase8"	1.15298525004689	1.0622131422005e-48	1.15298525004689	0.288	0.139	1.70729518345886e-44
"IA-2"	0.505436762075909	3.71219361473648e-44	0.505436762075909	0.476	0.287	5.96660879696594e-40
"pros"	0.668104133278003	4.54356278059318e-39	0.668104133278003	0.466	0.288	7.30286845724742e-35
"mt:CoII"	0.372807068799744	1.04795434332101e-38	0.372807068799744	0.749	0.587	1.68437701601986e-34
"mt:Cyt-b"	0.3671513436713	1.1304518253169e-38	0.3671513436713	0.855	0.724	1.81697521883186e-34
"lncRNA:CR31451"	1.08633091728796	1.95105009786409e-38	1.08633091728796	0.487	0.346	3.13592282229695e-34
"RR50423-transposable-element"	1.12214614882536	2.839092851237e-38	1.12214614882536	0.145	0.04	4.56327393979322e-34
"mt:ATPase6"	0.408209867960327	9.68837550173333e-37	0.408209867960327	0.843	0.719	1.5572125943936e-32
"jim"	0.707887830965526	2.09165266874256e-34	0.707887830965526	0.594	0.45	3.36191333446991e-30
"Obp44a"	0.393328407884691	2.9646301243574e-30	0.393328407884691	0.525	0.366	4.76504999887965e-26
"CG31221"	0.35962963570587	2.11135965508562e-25	0.35962963570587	0.317	0.196	3.39358837361912e-21
"Lk6"	0.364033894040115	1.45188766302956e-21	0.364033894040115	0.728	0.642	2.33361904078741e-17
"RR48383-transposable-element"	0.786166423545358	2.21484168261711e-21	0.786166423545358	0.102	0.034	3.55991503647049e-17
"unc-13"	0.410156490992763	9.40128843456956e-21	0.410156490992763	0.554	0.427	1.51106909008836e-16
"fmt"	0.639099720064675	7.6246273492353e-20	0.639099720064675	0.259	0.154	1.22550635384259e-15
"Ank2"	0.534459278760281	2.54513469503258e-19	0.534459278760281	0.372	0.256	4.09079499532587e-15
"lncRNA:Hsromega"	0.448595240899047	4.3991451229539e-19	0.448595240899047	0.639	0.522	7.07074595612381e-15
"Appl"	0.608407635163539	7.93105082479465e-19	0.608407635163539	0.335	0.231	1.27475779906924e-14
"Sh"	0.262579654659073	1.01222978042594e-18	0.262579654659073	0.438	0.321	1.62695692607861e-14
"alrm"	0.536865652181077	1.16820227238576e-17	0.536865652181077	0.334	0.224	1.87765151240563e-13
"Ggamma30A"	0.345087696019292	9.60855838391329e-17	0.345087696019292	0.411	0.298	1.54438358904638e-12
"Amph"	0.530860893349364	1.13261996096385e-16	0.530860893349364	0.41	0.331	1.82046006325719e-12
"cpx"	0.442715762320606	2.25764628170052e-16	0.442715762320606	0.419	0.308	3.62871486857725e-12
"mei-P26"	0.378347404339865	4.3244436034671e-16	0.378347404339865	0.577	0.478	6.95067820385267e-12
"Rbp6"	0.389306850401288	2.11332427224943e-15	0.389306850401288	0.616	0.555	3.39674610278651e-11
"Hrb27C"	0.387414768907504	2.11918378135498e-15	0.387414768907504	0.544	0.465	3.40616409177187e-11
"Cam"	0.320048926121337	9.69212974816765e-15	0.320048926121337	0.502	0.392	1.55781601442299e-10
"brp"	0.457592401601464	4.81970612108287e-14	0.457592401601464	0.349	0.254	7.7467136484165e-10
"VGlut"	0.793321673941551	9.80828134360502e-14	0.793321673941551	0.118	0.065	1.57648506035763e-09
"FBti0019148"	0.646900812193214	1.33511562332838e-13	0.646900812193214	0.105	0.049	2.1459313413757e-09
"para"	0.296239780332305	2.8931165305964e-13	0.296239780332305	0.393	0.294	4.65010619962759e-09
"Epac"	0.566758981721958	4.06014150689839e-13	0.566758981721958	0.187	0.116	6.52586544403778e-09
"dally"	0.294009510665984	4.85614412140148e-13	0.294009510665984	0.634	0.541	7.8052804463286e-09
"Unr"	0.345589012911499	5.65515676526883e-13	0.345589012911499	0.515	0.457	9.0895334688166e-09
"chrb"	0.447432849560856	7.30338626563645e-13	0.447432849560856	0.438	0.364	1.17387327447575e-08
"Gbeta13F"	0.335910183770059	1.56133912096435e-12	0.335910183770059	0.486	0.426	2.50954036912599e-08
"scrt"	0.452885636933731	5.37799828506305e-12	0.452885636933731	0.342	0.253	8.64405664358184e-08
"sm"	0.417606084981175	7.49017559528385e-12	0.417606084981175	0.39	0.304	1.20389592342997e-07
"ctp"	0.361869724837545	2.10353144164107e-11	0.361869724837545	0.481	0.407	3.3810060861497e-07
"mbl"	0.251182502752683	2.34576203013201e-11	0.251182502752683	0.212	0.139	3.77034331103119e-07
"jeb"	0.458275380409936	2.40205610560345e-11	0.458275380409936	0.223	0.148	3.86082477853643e-07
"Galphao"	0.423967540982868	2.50657077411194e-10	0.423967540982868	0.302	0.223	4.02881120523011e-06
"Sap47"	0.295827185232666	4.18943820884385e-10	0.295827185232666	0.515	0.429	6.73368403307473e-06
"sif"	0.442925114819753	5.06965239164193e-10	0.442925114819753	0.3	0.224	8.14845228908607e-06
"mt:ND1"	0.388044324329059	6.1023282033929e-10	0.388044324329059	0.656	0.593	9.8082721213134e-06
"nmo"	0.446874447229807	1.40245803488477e-09	0.446874447229807	0.266	0.202	2.25417079947029e-05
"unc-104"	0.329042126009484	3.18380478795875e-09	0.329042126009484	0.292	0.217	5.1173294356861e-05
"CG32017"	0.415198730370426	3.98434528243104e-09	0.415198730370426	0.212	0.146	6.40403817245141e-05
"Dscam4"	0.257636347134816	9.85695978090855e-09	0.257636347134816	0.162	0.106	0.000158430914558543
"fne"	0.314276933046461	1.18747716759431e-08	0.314276933046461	0.352	0.275	0.000190863205147433
"Frq1"	0.369115456332712	1.39481255474268e-08	0.369115456332712	0.285	0.216	0.00022418822192379
"CG4467"	0.395126757741094	1.81139246520876e-08	0.395126757741094	0.23	0.165	0.000291145110933003
"PAN3"	0.392556829683414	4.09648855916425e-08	0.392556829683414	0.264	0.209	0.00065842860611447
"nSyb"	0.312272211410147	5.09604516663525e-08	0.312272211410147	0.365	0.291	0.000819087339633283
"trv"	0.442971826942249	7.16157017811224e-08	0.442971826942249	0.239	0.175	0.00115107917472798
"mub"	0.334111482832399	7.35969283967193e-08	0.334111482832399	0.408	0.349	0.00118292343012047
"bol"	0.253667089391668	8.52647507588973e-08	0.253667089391668	0.268	0.202	0.00137046033894776
"kmr"	0.312416869312966	1.09126491640399e-07	0.312416869312966	0.257	0.193	0.00175399010013613
"Rbfox1"	0.274306449913051	1.11094284817636e-07	0.274306449913051	0.637	0.595	0.00178561843987387
"Gat"	0.395878049865972	1.41504632386959e-07	0.395878049865972	0.331	0.262	0.00227440395635559
"VAChT"	0.400937326957495	1.43279620784824e-07	0.400937326957495	0.183	0.128	0.00230293334487448
"scrib"	0.399980477499046	1.58570162456193e-07	0.399980477499046	0.237	0.18	0.0025486982211584
"Pka-C1"	0.283560826886347	2.13923843556279e-07	0.283560826886347	0.459	0.409	0.00343839793748008
"Atx2"	0.361473224098861	3.06315561619296e-07	0.361473224098861	0.222	0.188	0.00492341002190694
"sty"	0.360214733588991	4.12198979557147e-07	0.360214733588991	0.305	0.249	0.00662527419842203
"side-VI"	0.441084567245752	6.48812516517e-07	0.441084567245752	0.148	0.105	0.0104283635779777
"CG42260"	0.408573737464865	6.86655876493039e-07	0.408573737464865	0.171	0.124	0.0110366199028726
"Sdc"	0.285837280075195	6.9155816789395e-07	0.285837280075195	0.414	0.374	0.0111154144325595
"Hs3st-A"	0.365216971493255	7.48620414901547e-07	0.365216971493255	0.214	0.158	0.0120325759287126
"Hr38"	0.491096235332255	7.76619543201439e-07	0.491096235332255	0.16	0.112	0.0124826059178767
"da"	0.332187944997955	8.72586272947497e-07	0.332187944997955	0.155	0.132	0.0140250791650851
"Cngl"	0.330424344179653	1.00535698696588e-06	0.330424344179653	0.266	0.206	0.0161591028515026
"Gfrl"	0.383802268561512	1.09173595923912e-06	0.383802268561512	0.159	0.113	0.0175474720728503
"Pka-R2"	0.381247737765711	1.16570835960023e-06	0.381247737765711	0.213	0.165	0.0187364304638544
"futsch"	0.282633683896178	1.18361183821793e-06	0.282633683896178	0.282	0.219	0.0190241930756768
"dysc"	0.298068289923016	1.33597224161617e-06	0.298068289923016	0.309	0.245	0.0214730818394967
"Ppcs"	0.41436976464515	1.48432133552853e-06	0.41436976464515	0.107	0.082	0.0238574968259501
"side"	0.311819980996766	1.56243565784586e-06	0.311819980996766	0.152	0.104	0.0251130283285565
"pHCl-1"	0.400205464607919	2.06728047288423e-06	0.400205464607919	0.139	0.097	0.0332273990406682
"Ca-alpha1T"	0.320256799556948	2.26569519057909e-06	0.320256799556948	0.252	0.193	0.0364165187981777
"chinmo"	0.313239822127498	2.2699303665106e-06	0.313239822127498	0.269	0.214	0.0364845907809248
"Nckx30C"	0.301005370871272	2.30374999639172e-06	0.301005370871272	0.317	0.257	0.0370281736920042
"mahe"	0.367739173846219	2.57260079461041e-06	0.367739173846219	0.234	0.186	0.0413494125717732
"CanA-14F"	0.30990102490113	3.99181935418267e-06	0.30990102490113	0.293	0.25	0.0641605124797781
"spir"	0.277883689237614	4.12411792591752e-06	0.277883689237614	0.394	0.334	0.0662869474232723
"heph"	0.356484920261189	4.92288486173817e-06	0.356484920261189	0.313	0.267	0.0791255283827176
"Pits"	0.288144988717581	5.81242635053038e-06	0.288144988717581	0.284	0.254	0.0934231287320748
"CG45263"	0.398373021429122	5.90813541136266e-06	0.398373021429122	0.134	0.096	0.0949614604668321
"CG14762"	0.317333945892186	7.11197956218209e-06	0.317333945892186	0.301	0.253	0.114310847502953
"RhoGAP100F"	0.358755882216665	7.71441819709939e-06	0.358755882216665	0.185	0.136	0.123993843681979
"CG43902"	0.350012151400942	7.72756768150864e-06	0.350012151400942	0.111	0.072	0.124205195344888
"CG42540"	0.37265150094725	8.70101479028461e-06	0.37265150094725	0.233	0.186	0.139851410724245
"Thd1"	0.294862035962716	9.872408266394e-06	0.294862035962716	0.274	0.224	0.158679218065751
"dnc"	0.252091646268088	9.93014599952018e-06	0.252091646268088	0.444	0.401	0.159607236650288
"qvr"	0.283085257196319	1.06638169532298e-05	0.283085257196319	0.297	0.24	0.171399529889262
"CASK"	0.323148439833247	1.11902627689504e-05	0.323148439833247	0.298	0.248	0.17986109348534
"shi"	0.301608527797856	1.41846115203875e-05	0.301608527797856	0.33	0.284	0.227989260967188
"tws"	0.313799025697044	1.58625285765182e-05	0.313799025697044	0.152	0.133	0.254958421810377
"Rbp9"	0.284045499416642	1.73857171560565e-05	0.284045499416642	0.158	0.114	0.279440631849296
"Tomosyn"	0.300163712758759	1.87792425911659e-05	0.300163712758759	0.283	0.237	0.301838766167809
"Ace"	0.310242342493677	2.07157739172117e-05	0.310242342493677	0.265	0.224	0.332964634171344
"pho"	0.294604353182248	2.11820190021174e-05	0.294604353182248	0.123	0.084	0.340458591421033
"cpo"	0.265941890095985	2.91703804718598e-05	0.265941890095985	0.318	0.265	0.468855525324202
"CG6329"	0.291419591113885	3.0811940645985e-05	0.291419591113885	0.285	0.239	0.495240322002917
"Dop2R"	0.326133588396969	3.2510089993931e-05	0.326133588396969	0.147	0.105	0.522534676472454
"nocte"	0.302363524162394	3.281123955192e-05	0.302363524162394	0.219	0.177	0.52737505331801
"CG11000"	0.342867062587493	3.39472187964398e-05	0.342867062587493	0.15	0.109	0.545633647715177
"elav"	0.263638179629351	3.56285650179033e-05	0.263638179629351	0.276	0.24	0.57265792553276
"CG32700"	0.362150539814518	3.94095898805887e-05	0.362150539814518	0.115	0.083	0.633430338150702
"Stacl"	0.276108055958787	4.27280226684369e-05	0.276108055958787	0.213	0.164	0.686767508349786
"CaMKII"	0.273684541752369	4.83982706157096e-05	0.273684541752369	0.309	0.268	0.777905403606301
"Shab"	0.307607893429532	5.43478788205325e-05	0.307607893429532	0.186	0.142	0.87353345628242
"l(3)L1231"	0.278470580514028	5.46724137215861e-05	0.278470580514028	0.226	0.201	0.878749705747053
"pigs"	0.314415962747506	5.65542865593827e-05	0.314415962747506	0.276	0.241	0.908997047868959
"CG42795"	0.296976004771396	5.86474933745627e-05	0.296976004771396	0.199	0.154	0.942641161009347
"nAChRalpha1"	0.357367844265503	6.07185205569923e-05	0.357367844265503	0.172	0.134	0.975928780912537
"CG31140"	0.308161757995565	6.2497293053614e-05	0.308161757995565	0.189	0.157	1
"CG12605"	0.309628114911702	8.27941210526346e-05	0.309628114911702	0.22	0.177	1
"Nrx-1"	0.277243276366808	8.43158744229825e-05	0.277243276366808	0.218	0.17	1
"SoxN"	0.354953614603405	9.56969783758408e-05	0.354953614603405	0.175	0.132	1
"mbt"	0.316476363742745	0.000117180204225414	0.316476363742745	0.146	0.114	1
"Pal2"	0.303513540213135	0.000124434881107722	0.303513540213135	0.145	0.107	1
"hig"	0.337054093396058	0.000126750149004756	0.337054093396058	0.173	0.132	1
"Dscam2"	0.264204287732293	0.000129573586807864	0.264204287732293	0.293	0.253	1
"Ca-alpha1D"	0.276894719844545	0.000131500364549648	0.276894719844545	0.131	0.094	1
"Eaat2"	0.335249043815485	0.000134423600940613	0.335249043815485	0.144	0.107	1
"Ac3"	0.26621934435467	0.000164362856304482	0.26621934435467	0.107	0.074	1
"wry"	0.353677970947357	0.000171387413321448	0.353677970947357	0.137	0.108	1
"CG32521"	0.263918551349347	0.000180137716503535	0.263918551349347	0.382	0.353	1
"GluRIB"	0.340398415617774	0.000200034627297431	0.340398415617774	0.129	0.096	1
"tutl"	0.257901248636365	0.000202480280934322	0.257901248636365	0.263	0.215	1
"CG34401"	0.271505646870714	0.000210728899597064	0.271505646870714	0.239	0.196	1
"beat-IIa"	0.295865352095031	0.000225470601041749	0.295865352095031	0.111	0.078	1
"DopEcR"	0.282772146245745	0.00026254942562596	0.282772146245745	0.221	0.177	1
"side-III"	0.269844758119773	0.000293687365816585	0.269844758119773	0.161	0.122	1
"onecut"	0.289711858293194	0.000298222880327377	0.289711858293194	0.151	0.118	1
"Drat"	0.258896934523843	0.000354495857920182	0.258896934523843	0.11	0.093	1
"CG2269"	0.26739407165325	0.000386653411612978	0.26739407165325	0.174	0.139	1
"nAChRalpha3"	0.2922442255836	0.00055002622535425	0.2922442255836	0.113	0.082	1
"Mid1"	0.286147705065155	0.000640526985431656	0.286147705065155	0.153	0.121	1
"Hsc70-3"	0.281542278719309	0.000642214947178767	0.281542278719309	0.181	0.167	1
"unc79"	0.31292019053997	0.000678752678234332	0.31292019053997	0.143	0.112	1
"alpha-Cat"	0.251811653311261	0.000692538833233974	0.251811653311261	0.168	0.147	1
"Alk"	0.257515204178859	0.000704520493227009	0.257515204178859	0.244	0.215	1
"fipi"	0.297789471454189	0.000708420953132226	0.297789471454189	0.135	0.109	1
"wun2"	0.272105799661004	0.000714503070673707	0.272105799661004	0.1	0.071	1
"Ptp99A"	0.256353423402779	0.000720313479810386	0.256353423402779	0.302	0.267	1
"eys"	0.372200880066286	0.000831375645404547	0.372200880066286	0.112	0.087	1
"X11Lbeta"	0.258959008633755	0.000905385872407404	0.258959008633755	0.16	0.128	1
"CG30015"	0.317791454690763	0.000908132379961121	0.317791454690763	0.111	0.096	1
"Cow"	0.265246799633263	0.000974827722178635	0.265246799633263	0.147	0.116	1
"RSG7"	0.310521131806871	0.000981042963258228	0.310521131806871	0.145	0.114	1
"Hasp"	0.262313084635551	0.00106924903294713	0.262313084635551	0.249	0.217	1
"Nf1"	0.284141773741522	0.00176122737962041	0.284141773741522	0.106	0.083	1
"Con"	0.27971812599948	0.00188105823666642	0.27971812599948	0.156	0.123	1
"CG34384"	0.287112984333747	0.00191662862212769	0.287112984333747	0.129	0.108	1
"Ric"	0.256191043577629	0.00205941990862905	0.256191043577629	0.124	0.107	1
"CG2993"	0.265065426371001	0.00207715472126408	0.265065426371001	0.164	0.134	1
"CG17715"	0.260851687398635	0.0021994741449754	0.260851687398635	0.119	0.09	1
"olf413"	0.296903813898291	0.00221682610340171	0.296903813898291	0.109	0.087	1
"CG9650"	0.253944058757401	0.00227198528752641	0.253944058757401	0.134	0.104	1
"Syt4"	0.254147848829311	0.00227376147350853	0.254147848829311	0.155	0.124	1
"ftz-f1"	0.25146654731776	0.00239190889099307	0.25146654731776	0.212	0.185	1
"Cf2"	0.272477487207358	0.00239586973136693	0.272477487207358	0.111	0.094	1
"CG10513"	0.284110293909432	0.00267931000579427	0.284110293909432	0.117	0.089	1
"SKIP"	0.252323754706261	0.00277005437577393	0.252323754706261	0.216	0.192	1
"Nop17l"	0.294270544395671	0.0029657493462618	0.294270544395671	0.16	0.135	1
"CG13928"	0.257697705183335	0.00335830852686108	0.257697705183335	0.159	0.129	1
"kek1"	0.259592433348502	0.00439344820462984	0.259592433348502	0.14	0.113	1
"CG12531"	0.252711115489964	0.00466573808118632	0.252711115489964	0.108	0.083	1
"corn"	0.254608397368391	0.00606265533805431	0.254608397368391	0.102	0.081	1
"ari-1"	0.262823810171827	0.00659004358947993	0.262823810171827	0.159	0.135	1
"klg"	0.25647239781795	0.00681332801362528	0.25647239781795	0.113	0.093	1
"CG5065"	0.303423757831754	0.0283988119262019	0.303423757831754	0.1	0.107	1
"Yp3"	2.33377990021983	7.08345522996707e-186	-2.33377990021983	0.138	0.458	1.13852375911261e-181
"Yp2"	1.92828466071185	2.60183423097501e-148	-1.92828466071185	0.127	0.423	4.18192815944613e-144
"Yp1"	1.73598774552903	1.94092688210354e-113	-1.73598774552903	0.087	0.322	3.11965177760501e-109
"CG8321"	1.51581034476694	5.22242738501297e-102	-1.51581034476694	0.031	0.2	8.39400753593135e-98
"CG2233"	1.78592353067675	4.37376186886907e-101	-1.78592353067675	0.015	0.16	7.02994745183326e-97
"CG32368"	1.62825167742431	4.88461392927462e-85	-1.62825167742431	0.096	0.292	7.8510399685231e-81
"Gbp2"	1.53944936377674	7.20623465107632e-85	-1.53944936377674	0.019	0.153	1.1582580954675e-80
"RR48361-transposable-element"	2.60147266374157	4.82356729364493e-84	-2.60147266374157	0.075	0.247	7.75291971107549e-80
"CG4716"	0.867465356276622	2.88876900271196e-75	-0.867465356276622	0.051	0.209	4.64311841805893e-71
"NimB2"	1.37347436445233	1.98020821664036e-57	-1.37347436445233	0.018	0.118	3.18278866660604e-53
"Idgf6"	1.29785812210361	7.2949599098581e-57	-1.29785812210361	0.04	0.161	1.17251890631149e-52
"fon"	1.22678202658432	8.4094921089411e-56	-1.22678202658432	0.011	0.1	1.3516576666701e-51
"Idgf4"	1.21953248851117	8.22581447371687e-49	-1.21953248851117	0.065	0.193	1.32213516036051e-44
"MtnA"	0.870867061407801	1.17704098006835e-47	-0.870867061407801	0.598	0.735	1.89185796726385e-43
"CG11407"	1.09048518320281	7.74719537711071e-47	-1.09048518320281	0.052	0.17	1.245206712963e-42
"uex"	0.828383092430568	1.91600827319745e-45	-0.828383092430568	0.308	0.465	3.07960009751026e-41
"CG2852"	1.01983816600259	8.00210358303194e-41	-1.01983816600259	0.209	0.346	1.28617810890072e-36
"Spn43Ab"	1.01357646088567	2.08950176373279e-40	-1.01357646088567	0.144	0.285	3.35845618484771e-36
"GstD1"	0.922931287268406	1.00095972920071e-39	-0.922931287268406	0.222	0.374	1.6088425727443e-35
"RpS4"	0.708817632974036	1.35720869320664e-38	-0.708817632974036	0.329	0.495	2.18144153259103e-34
"sgl"	0.972139104151242	2.4326014798038e-38	-0.972139104151242	0.053	0.151	3.90992035848865e-34
"eEF1alpha1"	0.770652451378672	7.46245026844357e-37	-0.770652451378672	0.39	0.53	1.19943963164694e-32
"CG31344"	0.891677859011056	1.85665908996034e-35	-0.891677859011056	0.03	0.112	2.98420815529325e-31
"RpS11"	0.610004174655339	9.49513619700658e-34	-0.610004174655339	0.437	0.582	1.52615324094487e-29
"Ugt35B1"	0.908939669254391	2.31629768970311e-33	-0.908939669254391	0.049	0.142	3.7229852766598e-29
"RpS18"	0.534730272171597	1.01712196698172e-32	-0.534730272171597	0.483	0.637	1.63482013752972e-28
"RpLP2"	0.655025105301423	1.21619147865482e-31	-0.655025105301423	0.395	0.539	1.95478456364189e-27
"Frl"	0.98787223916809	6.23425276466143e-31	-0.98787223916809	0.159	0.269	1.00203144686403e-26
"RpL13A"	0.612726211406639	1.06163130506653e-30	-0.612726211406639	0.38	0.527	1.70635999663344e-26
"RpL7"	0.569614729161482	3.36657626360397e-29	-0.569614729161482	0.426	0.569	5.41109802849066e-25
"RpS8"	0.552469009044808	5.61680428382484e-28	-0.552469009044808	0.456	0.597	9.02788952539167e-24
"RpL10"	0.572109699059125	6.4498915928768e-27	-0.572109699059125	0.364	0.504	1.03669107572309e-22
"CG10527"	0.818528257625288	5.1877174711792e-26	-0.818528257625288	0.108	0.212	8.33821829142634e-22
"CG9689"	1.13587419853121	3.14705306044017e-25	-1.13587419853121	0.052	0.129	5.05825838404549e-21
"RpL23"	0.481650499377152	4.78643514727849e-25	-0.481650499377152	0.443	0.58	7.69323721222071e-21
"SPARC"	0.760725611275181	5.71050701083652e-25	-0.760725611275181	0.19	0.303	9.17849791851754e-21
"RpL17"	0.508217838874395	6.42009110890608e-25	-0.508217838874395	0.507	0.634	1.03190124393447e-20
"RpL27A"	0.49102133008164	6.76574982481141e-23	-0.49102133008164	0.465	0.597	1.08745896934194e-18
"Rack1"	0.594087852585918	1.09366973408946e-21	-0.594087852585918	0.254	0.375	1.75785536360198e-17
"Cyp1"	0.531811433341199	1.29254739758268e-21	-0.531811433341199	0.409	0.53	2.07751143213464e-17
"RpL37a"	0.442365821046929	2.15801770441038e-21	-0.442365821046929	0.514	0.637	3.4685818562988e-17
"CG3625"	0.48774859680767	3.88067786442765e-21	-0.48774859680767	0.041	0.107	6.23741353149456e-17
"RpL6"	0.477414778107215	7.57451222855857e-21	-0.477414778107215	0.429	0.548	1.21745135049622e-16
"RpL19"	0.47949391997713	7.64465281741766e-21	-0.47949391997713	0.418	0.543	1.22872504734354e-16
"RpS21"	0.496472709676315	4.58486503185843e-20	-0.496472709676315	0.432	0.543	7.36925356570605e-16
"RpLP0"	0.5000765459948	5.32198377328526e-20	-0.5000765459948	0.333	0.457	8.5540245188014e-16
"List"	0.77444788914707	1.17415656046042e-19	-0.77444788914707	0.112	0.188	1.88722183962803e-15
"RpL18"	0.47149426410147	1.21802801195662e-19	-0.47149426410147	0.383	0.505	1.95773642361788e-15
"RpL26"	0.431749761554763	2.04003432345288e-19	-0.431749761554763	0.458	0.579	3.27894716808581e-15
"RpS10b"	0.457962110230793	2.1187464148306e-19	-0.457962110230793	0.395	0.517	3.40546111255722e-15
"sta"	0.481157833038324	2.59067404906485e-19	-0.481157833038324	0.362	0.481	4.16399039906193e-15
"RpS16"	0.508144104782111	2.75993858075745e-19	-0.508144104782111	0.4	0.517	4.43604928085145e-15
"Calr"	0.664661381125187	3.03260109974854e-19	-0.664661381125187	0.145	0.239	4.87429974762583e-15
"CG7084"	0.666315486311514	5.02969387592279e-19	-0.666315486311514	0.209	0.284	8.08422696677069e-15
"vir-1"	0.625913749745583	9.92522897577487e-19	-0.625913749745583	0.609	0.656	1.59528205327629e-14
"RpL12"	0.463123807439422	1.50507885905355e-18	-0.463123807439422	0.419	0.535	2.41911325015677e-14
"AnxB9"	0.65955887487915	1.71817986844577e-18	-0.65955887487915	0.214	0.312	2.76163050255289e-14
"Tpi"	0.570987362480416	2.26399491944211e-18	-0.570987362480416	0.209	0.314	3.6389190340193e-14
"eIF4A"	0.447745764291669	3.68027726910835e-18	-0.447745764291669	0.357	0.472	5.91530965463785e-14
"RpL18A"	0.464305719860303	5.36258297094381e-18	-0.464305719860303	0.455	0.548	8.61927960919798e-14
"CG31706"	0.61016097029887	7.04654315699734e-18	-0.61016097029887	0.457	0.532	1.13259088162418e-13
"CG9691"	0.910267000732441	9.74575876156502e-18	-0.910267000732441	0.077	0.145	1.56643580574635e-13
"RpL35A"	0.447314789644788	1.02363104998599e-17	-0.447314789644788	0.338	0.451	1.64528218664248e-13
"lncRNA:CR42491"	0.635016710005513	1.08572535940324e-17	-0.635016710005513	0.062	0.128	1.74508637016882e-13
"RpL28"	0.388182979442093	1.12512649962513e-17	-0.388182979442093	0.514	0.624	1.80841582284747e-13
"Irk2"	0.704672038010368	1.83399241845792e-17	-0.704672038010368	0.134	0.216	2.94777601418741e-13
"His4r"	0.488021167177078	1.99474817651595e-17	-0.488021167177078	0.27	0.376	3.20615874411409e-13
"scny"	0.655078986398731	4.8946993633862e-17	-0.655078986398731	0.042	0.1	7.86725028677064e-13
"RpS3A"	0.441278798275517	5.39847368801877e-17	-0.441278798275517	0.359	0.471	8.67696675875257e-13
"RpL21"	0.393361290563525	6.52011459829548e-17	-0.393361290563525	0.5	0.609	1.04797801938403e-12
"CG9686"	0.931399791267844	7.77025333348139e-17	-0.931399791267844	0.177	0.267	1.24891281829046e-12
"lncRNA:roX1"	0.451928134297054	1.29291118983985e-15	-0.451928134297054	0.396	0.404	2.07809615542959e-11
"RpL10Ab"	0.416022054606548	3.87042046256303e-15	-0.416022054606548	0.373	0.473	6.22092680947756e-11
"RpL9"	0.434677525017356	4.42924149552044e-15	-0.434677525017356	0.38	0.484	7.11911985575e-11
"RpL27"	0.408982923820883	5.33243350462211e-15	-0.408982923820883	0.449	0.546	8.57082037197912e-11
"eEF1beta"	0.508081757298225	8.42029271623396e-15	-0.508081757298225	0.136	0.219	1.35339364828028e-10
"RpS7"	0.391609817049476	9.2328264587233e-15	-0.391609817049476	0.463	0.564	1.4839921967106e-10
"Invadolysin"	0.545221725241029	1.32454961570585e-14	-0.545221725241029	0.191	0.279	2.12894859732402e-10
"CG18135"	0.558709170234814	1.40860188215683e-14	-0.558709170234814	0.164	0.243	2.26404580519068e-10
"Ugt49B1"	0.582748350588945	1.54154246105215e-14	-0.582748350588945	0.056	0.112	2.47772119764912e-10
"CG18815"	0.449935606651813	1.66887002098544e-14	-0.449935606651813	0.074	0.139	2.68237478472989e-10
"RpL14"	0.395357055564891	1.85333009260256e-14	-0.395357055564891	0.527	0.614	2.97885745784009e-10
"RpS2"	0.409735606046235	3.88636694517777e-14	-0.409735606046235	0.336	0.441	6.24655759098422e-10
"RpL8"	0.38244653461253	3.8907696403023e-14	-0.38244653461253	0.416	0.518	6.25363404285789e-10
"Tsp42Ee"	0.517301397805386	4.02909123215162e-14	-0.517301397805386	0.148	0.231	6.4759583374373e-10
"RpL22"	0.468539457740611	4.69606155420305e-14	-0.468539457740611	0.216	0.309	7.54797973607056e-10
"RpS15"	0.385264044896648	5.06815348876965e-14	-0.385264044896648	0.5	0.601	8.14604310249945e-10
"CG12926"	0.52488592645934	8.61900402495573e-14	-0.52488592645934	0.093	0.163	1.38533251693113e-09
"Nacalpha"	0.313925889977268	9.31312949770207e-14	-0.313925889977268	0.178	0.26	1.49689930416565e-09
"whd"	0.59110339318124	1.68241663684559e-13	-0.59110339318124	0.066	0.121	2.70414826040191e-09
"RpS29"	0.374476639906061	1.72709620716692e-13	-0.374476639906061	0.572	0.661	2.7759617337794e-09
"Pomp"	0.405176813326956	3.94114126117363e-13	-0.405176813326956	0.049	0.102	6.33459634908438e-09
"eEF5"	0.448846863069634	5.59438877249835e-13	-0.448846863069634	0.163	0.245	8.99186107403659e-09
"RpL13"	0.390943341985996	5.79980652326746e-13	-0.390943341985996	0.421	0.512	9.32202902484779e-09
"Tsf1"	0.707080552193748	1.37301248423023e-12	-0.707080552193748	0.374	0.438	2.20684296590325e-08
"hoe1"	0.470723998403386	2.30481746973183e-12	-0.470723998403386	0.225	0.309	3.70453311909997e-08
"Trx-2"	0.486011417992854	2.37876099707517e-12	-0.486011417992854	0.101	0.168	3.82338255059891e-08
"CG10960"	0.563481709336686	2.39810770315972e-12	-0.563481709336686	0.196	0.268	3.85447851128862e-08
"RpS9"	0.339726010108157	2.8666958009122e-12	-0.339726010108157	0.363	0.459	4.60764016080617e-08
"RpLP1"	0.306275883925224	2.90698665757797e-12	-0.306275883925224	0.455	0.554	4.67239965472507e-08
"CG6287"	0.524962589582487	3.97620811268657e-12	-0.524962589582487	0.103	0.168	6.39095929952112e-08
"alphaTub84B"	0.442435757398671	6.99404243199175e-12	-0.442435757398671	0.245	0.332	1.12415244009403e-07
"EloC"	0.404092370148569	7.39773665240361e-12	-0.404092370148569	0.127	0.198	1.18903821214083e-07
"sun"	0.402097929248404	8.07396575840277e-12	-0.402097929248404	0.206	0.291	1.29772851634808e-07
"eIF3h"	0.445275486228841	8.89235977978501e-12	-0.445275486228841	0.087	0.15	1.42926898740484e-07
"CAP"	0.496116276506466	1.06273264323087e-11	-0.496116276506466	0.201	0.274	1.70813017746497e-07
"Sod2"	0.388079177875692	1.12843008311954e-11	-0.388079177875692	0.062	0.116	1.81372567259804e-07
"CG42613"	0.39176630698949	1.14854952744629e-11	-0.39176630698949	0.692	0.689	1.84606365546442e-07
"CG6218"	0.508764304696935	1.65917715234738e-11	-0.508764304696935	0.132	0.202	2.66679543696794e-07
"CG11151"	0.422088769329549	1.83934434933624e-11	-0.422088769329549	0.072	0.129	2.95637817268815e-07
"RpL7A"	0.323062163171016	2.02922217226773e-11	-0.323062163171016	0.459	0.542	3.26156879748593e-07
"CtsB1"	0.530932247130288	2.47911569283584e-11	-0.530932247130288	0.093	0.152	3.98468265309505e-07
"RpS27A"	0.359130097950447	2.89779674528428e-11	-0.359130097950447	0.395	0.486	4.65762870869542e-07
"RpS20"	0.29505306258481	5.1382610719377e-11	-0.29505306258481	0.393	0.487	8.25872702092547e-07
"CG1648"	0.439974304767961	5.26054530336487e-11	-0.439974304767961	0.132	0.201	8.45527446609836e-07
"Idh"	0.438733285149533	6.10383612699374e-11	-0.438733285149533	0.124	0.191	9.81069580691704e-07
"RpL3"	0.331447093517128	6.45505863897196e-11	-0.331447093517128	0.351	0.443	1.03752157504196e-06
"ATPsynO"	0.339467492953647	7.067832321113e-11	-0.339467492953647	0.152	0.222	1.13601268897249e-06
"CLIP-190"	0.471035358706589	1.01208391705708e-10	-0.471035358706589	0.287	0.36	1.62672247988584e-06
"Cp1"	0.474009538912777	1.58050066128135e-10	-0.474009538912777	0.119	0.184	2.54033871287752e-06
"h"	0.716673543421301	2.55567857905015e-10	-0.716673543421301	0.084	0.132	4.10774218010731e-06
"CG30197"	0.597148218075524	3.23786521898933e-10	-0.597148218075524	0.302	0.366	5.20422076648155e-06
"Acsl"	0.375543701975952	3.55649058396732e-10	-0.375543701975952	0.165	0.237	5.71634731561067e-06
"Tapdelta"	0.354600407407106	3.6277055035084e-10	-0.354600407407106	0.066	0.115	5.83081105578904e-06
"CG7834"	0.46790588509171	3.82625888137032e-10	-0.46790588509171	0.072	0.124	6.14994590002651e-06
"CG17739"	0.460439238841059	4.59604472266439e-10	-0.460439238841059	0.098	0.157	7.38722268273848e-06
"Cyp9f2"	0.444604547420151	5.32951478027397e-10	-0.444604547420151	0.125	0.188	8.56612910633435e-06
"RpL38"	0.320327393642581	5.64864167779084e-10	-0.320327393642581	0.486	0.57	9.07906176871321e-06
"eIF3m"	0.458838778629982	6.50181552283272e-10	-0.458838778629982	0.133	0.199	1.0450368089849e-05
"RpL34a"	0.390646731741447	1.22077446637516e-09	-0.390646731741447	0.136	0.201	1.9621507998048e-05
"mt:ND3"	0.361712884777207	1.28810560704186e-09	-0.361712884777207	0.55	0.575	2.07037214219837e-05
"Hsp83"	0.459986463807658	1.64908043447506e-09	-0.459986463807658	0.254	0.333	2.65056698233177e-05
"SdhB"	0.340017884071233	1.927570111042e-09	-0.340017884071233	0.074	0.125	3.0981834394778e-05
"Pdk"	0.398361262005127	2.01321002568337e-09	-0.398361262005127	0.295	0.366	3.23583247428088e-05
"GstD9"	0.544574320493608	2.11094162139715e-09	-0.544574320493608	0.116	0.171	3.39291646807164e-05
"CG31676"	0.460041705460873	2.37822877518123e-09	-0.460041705460873	0.163	0.228	3.82252711034879e-05
"betaTub56D"	0.404181899646839	2.54874997498249e-09	-0.404181899646839	0.188	0.259	4.09660583478936e-05
"COX7A"	0.38821251388009	2.88882382231841e-09	-0.38821251388009	0.192	0.263	4.64320652961238e-05
"RpS15Aa"	0.32477998284499	3.26550187939327e-09	-0.32477998284499	0.4	0.483	5.2486411707488e-05
"Gel"	0.450618848654551	3.56452685293161e-09	-0.450618848654551	0.146	0.207	5.72926401071698e-05
"Rbp1"	0.365059252125535	3.87503591723622e-09	-0.365059252125535	0.067	0.115	6.22834522977378e-05
"CG5895"	0.485019614886755	5.32600163177383e-09	-0.485019614886755	0.15	0.204	8.56048242275007e-05
"RpS5a"	0.390810114532268	5.9560058869523e-09	-0.390810114532268	0.255	0.324	9.57308826209842e-05
"axo"	0.429976739471558	6.38631863267228e-09	-0.429976739471558	0.366	0.408	0.000102647299382942
"RpS3"	0.306302300831538	6.65760893421669e-09	-0.306302300831538	0.416	0.495	0.000107007748399665
"ATPsyngamma"	0.355007030743014	6.87044797020264e-09	-0.355007030743014	0.151	0.215	0.000110428710225067
"ATP6AP2"	0.386179839475864	7.01724799148839e-09	-0.386179839475864	0.096	0.151	0.000112788226967193
"RpS27"	0.304630419371189	9.00186815356984e-09	-0.304630419371189	0.514	0.59	0.000144687026832328
"wal"	0.427928722397589	1.06312733490314e-08	-0.427928722397589	0.069	0.115	0.000170876456538981
"CD98hc"	0.44996618978571	1.52151268729212e-08	-0.44996618978571	0.101	0.152	0.000244552734228463
"CG7920"	0.270135844115649	1.69037304921075e-08	-0.270135844115649	0.19	0.257	0.000271693660199643
"Npc2a"	0.459204048611674	1.81691330687659e-08	-0.459204048611674	0.211	0.276	0.000292032475814275
"Mdh1"	0.346713441494534	1.98875229595421e-08	-0.346713441494534	0.247	0.319	0.00031965215652872
"Neb-cGP"	0.336330383293495	1.9970276157201e-08	-0.336330383293495	0.18	0.247	0.000320982248674691
"CG5946"	0.454608315164706	2.17628626789808e-08	-0.454608315164706	0.077	0.121	0.000349794491839259
"ND-30"	0.335544600534175	2.28687528214961e-08	-0.335544600534175	0.067	0.113	0.000367569464099907
"VhaAC39-1"	0.34616250485808	2.38557176127396e-08	-0.34616250485808	0.082	0.131	0.000383432949189564
"CG17508"	0.364809338613517	2.86132062810116e-08	-0.364809338613517	0.162	0.226	0.000459900064554699
"ATPsynD"	0.343676574447694	3.64794273544713e-08	-0.343676574447694	0.18	0.245	0.000586333835868417
"repo"	0.492949629541586	3.80888595058679e-08	-0.492949629541586	0.134	0.188	0.000612202238837814
"Meltrin"	0.419253290725791	3.81305154713311e-08	-0.419253290725791	0.06	0.103	0.000612871775170704
"tsr"	0.445995689994589	3.92980585916473e-08	-0.445995689994589	0.119	0.175	0.000631637695743547
"RpS12"	0.295996075554581	3.93398405162358e-08	-0.295996075554581	0.436	0.507	0.000632309256617457
"awd"	0.382945304351853	5.99616666209287e-08	-0.382945304351853	0.153	0.213	0.000963763867598187
"mgl"	0.392739083910072	7.40278763289696e-08	-0.392739083910072	0.363	0.414	0.00118985005623553
"UQCR-Q"	0.301395611176556	7.61228759370563e-08	-0.301395611176556	0.223	0.291	0.00122352298493631
"Fkbp12"	0.310130461143161	9.69588699527742e-08	-0.310130461143161	0.123	0.177	0.00155841991675094
"RpL23A"	0.294436357636414	1.19582487251266e-07	-0.294436357636414	0.373	0.447	0.00192204931758959
"Chd64"	0.316028680940316	1.45411376571928e-07	-0.316028680940316	0.182	0.244	0.0023371970556406
"RpL36A"	0.275363480930878	1.5169871504385e-07	-0.275363480930878	0.477	0.55	0.0024382534468998
"CG6115"	0.353009461322114	1.52459292705905e-07	-0.353009461322114	0.221	0.287	0.00245047821166201
"Mmp1"	0.659992959709999	2.54491264638275e-07	-0.659992959709999	0.067	0.107	0.004090438096531
"lncRNA:CR45054"	0.351930351648437	2.72768313439908e-07	-0.351930351648437	0.211	0.272	0.00438420510191964
"Irc"	0.323667703352763	2.73835430852374e-07	-0.323667703352763	0.152	0.21	0.00440135688009021
"CG15201"	0.524749663814623	3.17153054813674e-07	-0.524749663814623	0.349	0.388	0.00509760105002018
"NP15.6"	0.269087145115294	3.35023691845503e-07	-0.269087145115294	0.067	0.106	0.00538483579903277
"NFAT"	0.382002920659165	4.3098633469682e-07	-0.382002920659165	0.266	0.322	0.00692724335758198
"Cyt-c1"	0.347789293821771	4.85238064358157e-07	-0.347789293821771	0.134	0.189	0.00779923140842866
"vri"	0.376016190210518	5.96325769427871e-07	-0.376016190210518	0.085	0.13	0.00958474409201418
"Csas"	0.320519824568194	6.24485996267551e-07	-0.320519824568194	0.12	0.171	0.0100373634180083
"Sarm"	0.475897898534368	6.46959596465979e-07	-0.475897898534368	0.226	0.278	0.0103985815939977
"CG7220"	0.359414648364022	7.86014671330163e-07	-0.359414648364022	0.077	0.12	0.0126336138122897
"Elal"	0.351203699237766	8.98570632643344e-07	-0.351203699237766	0.075	0.115	0.0144427257784765
"RpL34b"	0.265573056591481	9.3059686035886e-07	-0.265573056591481	0.468	0.533	0.014957483336548
"ine"	0.313148121001727	1.05297147136033e-06	-0.313148121001727	0.126	0.177	0.0169244104591746
"CG11699"	0.275595485151567	1.06036577575061e-06	-0.275595485151567	0.103	0.148	0.0170432591136396
"cype"	0.265333418320303	1.13733263651079e-06	-0.265333418320303	0.281	0.347	0.0182803474666379
"pst"	0.352989262815758	1.26384967337291e-06	-0.352989262815758	0.096	0.142	0.0203138558001229
"Timp"	0.349069800198981	1.39250973868589e-06	-0.349069800198981	0.144	0.194	0.0223818090298983
"Lsd-2"	0.577666101885524	1.54597486893367e-06	-0.577666101885524	0.236	0.283	0.0248484540683709
"cwo"	0.371952123634749	1.60610216294091e-06	-0.371952123634749	0.098	0.142	0.0258148800649492
"CG11267"	0.297071159256612	2.06034145219528e-06	-0.297071159256612	0.069	0.108	0.0331158681611347
"mt:ND6"	0.435772331659798	2.08665136030316e-06	-0.435772331659798	0.289	0.333	0.0335387473141528
"CG15209"	0.303895447592114	2.20514727144941e-06	-0.303895447592114	0.477	0.464	0.0354433320940064
"MsrA"	0.388480888460191	2.39867739594709e-06	-0.388480888460191	0.083	0.125	0.0385539417850576
"CDase"	0.365285406280358	2.53976122595446e-06	-0.365285406280358	0.132	0.179	0.0408215821847661
"lncRNA:CR43334"	0.301385718662741	2.69666074065453e-06	-0.301385718662741	0.171	0.226	0.0433434280845402
"RpL4"	0.30655738290979	2.98334163857586e-06	-0.30655738290979	0.328	0.388	0.0479512501568298
"LpR2"	0.375931115665541	3.04329685365087e-06	-0.375931115665541	0.123	0.169	0.0489149103287305
"ND-B16.6"	0.280999394639475	3.06198132409413e-06	-0.280999394639475	0.149	0.201	0.0492152258221649
"CG7430"	0.32123401580765	3.37078526735914e-06	-0.32123401580765	0.067	0.105	0.0541786316022634
"cathD"	0.298875257685194	3.60226968693312e-06	-0.298875257685194	0.173	0.228	0.057899280678076
"Cisd2"	0.25109902859649	3.75655411611875e-06	-0.25109902859649	0.099	0.143	0.0603790943083767
"Nap1"	0.318483707660209	3.8577272535968e-06	-0.318483707660209	0.116	0.163	0.0620052501470614
"Mtl"	0.345305189461909	4.68982923794223e-06	-0.345305189461909	0.077	0.117	0.0753796253414455
"CG31705"	0.353645046219873	4.86587447157506e-06	-0.353645046219873	0.446	0.504	0.0782092003816259
"Rh50"	0.302067296255211	4.92998262269699e-06	-0.302067296255211	0.344	0.377	0.0792396106946088
"RFeSP"	0.33176781637887	5.06698922115333e-06	-0.33176781637887	0.148	0.199	0.0814417177515975
"CG14207"	0.294476675413284	5.14723306117776e-06	-0.294476675413284	0.068	0.105	0.0827314769923101
"baf"	0.295120717955075	5.34573313395088e-06	-0.295120717955075	0.088	0.129	0.0859219686619925
"ATPsynF"	0.261088240167389	5.36547966424158e-06	-0.261088240167389	0.221	0.279	0.0862393546433549
"ana"	0.434033833169971	5.40946289754886e-06	-0.434033833169971	0.123	0.163	0.0869462971523028
"VhaM9.7-b"	0.308676514183338	5.53010150081368e-06	-0.308676514183338	0.121	0.169	0.0888853214225783
"CG42673"	0.279734693376104	5.90341902391174e-06	-0.279734693376104	0.065	0.102	0.0948856539713335
"nuf"	0.341666031596418	6.28034758805527e-06	-0.341666031596418	0.256	0.315	0.100944026782812
"bnb"	0.310976377423459	6.64893467027181e-06	-0.310976377423459	0.437	0.466	0.106868326955279
"roh"	0.260660529759221	7.1075244498052e-06	-0.260660529759221	0.222	0.28	0.114239240481719
"CG6357"	0.420409055400449	7.62487707078563e-06	-0.420409055400449	0.176	0.224	0.122554649158737
"Flo2"	0.270486285768007	7.97062810133582e-06	-0.270486285768007	0.138	0.187	0.128111905472771
"CG9657"	0.391448851524877	7.98109922159416e-06	-0.391448851524877	0.189	0.232	0.128280207788683
"Gapdh1"	0.2863023302356	7.99040703782665e-06	-0.2863023302356	0.294	0.354	0.128429812318988
"Ubi-p63E"	0.261576736073733	8.08878241601616e-06	-0.261576736073733	0.153	0.204	0.130010999772628
"mt:ND4"	0.260881877375669	8.09541015651093e-06	-0.260881877375669	0.653	0.641	0.1301175274456
"HINT1"	0.330752634709759	8.31754035158877e-06	-0.330752634709759	0.115	0.16	0.133687826071086
"RpS6"	0.282458876860106	1.08384136661587e-05	-0.282458876860106	0.388	0.449	0.174205822856169
"CG10433"	0.307196138855776	1.14538372137248e-05	-0.307196138855776	0.48	0.521	0.184097525536198
"Pdi"	0.320758175918841	1.3362801979652e-05	-0.320758175918841	0.086	0.125	0.214780316218947
"schlank"	0.371638447533734	1.36469778919599e-05	-0.371638447533734	0.114	0.157	0.219347875657472
"HmgZ"	0.316666871519768	1.62159927743351e-05	-0.316666871519768	0.18	0.23	0.260639651861888
"Rbcn-3A"	0.279676524085738	2.04549390639032e-05	-0.279676524085738	0.077	0.114	0.328772235574116
"Dscam1"	0.29371330417434	3.36670567487927e-05	-0.29371330417434	0.314	0.371	0.541130603123344
"cora"	0.268473512003104	3.43759670706217e-05	-0.268473512003104	0.126	0.169	0.552524918726102
"PLCXD"	0.334787722640354	3.48404597106801e-05	-0.334787722640354	0.125	0.16	0.559990708929762
"ERp60"	0.311229253696463	3.90925062528498e-05	-0.311229253696463	0.076	0.111	0.628333853002055
"SREBP"	0.282218669289227	4.0118079441415e-05	-0.282218669289227	0.079	0.115	0.644817890861863
"AP-2alpha"	0.258640704006744	5.27738215273449e-05	-0.258640704006744	0.127	0.169	0.848233633409015
"wts"	0.286854362871549	5.76936853690286e-05	-0.286854362871549	0.135	0.179	0.927310604936397
"Fhos"	0.272961866855354	6.09148452725009e-05	-0.272961866855354	0.11	0.149	0.979084308064906
"CG42235"	0.382336006404697	6.20431241852274e-05	-0.382336006404697	0.102	0.14	0.997219135029159
"CG30069"	0.373205029268437	6.49490766688893e-05	-0.373205029268437	0.103	0.141	1
"levy"	0.255072317095853	6.769439765744e-05	-0.255072317095853	0.192	0.241	1
"cib"	0.302029813837049	7.72920047295761e-05	-0.302029813837049	0.154	0.199	1
"Karybeta3"	0.260177316417076	7.75479532851396e-05	-0.260177316417076	0.083	0.118	1
"CG10365"	0.311053551395904	7.84009740960101e-05	-0.311053551395904	0.128	0.169	1
"Col4a1"	0.356780025374296	8.0740789390672e-05	-0.356780025374296	0.13	0.17	1
"CG12177"	0.362791177882808	8.28191249169632e-05	-0.362791177882808	0.09	0.124	1
"ATPsynbeta"	0.250546380923037	8.62721039403987e-05	-0.250546380923037	0.276	0.329	1
"CG5955"	0.353089614980595	9.06081107594358e-05	-0.353089614980595	0.098	0.135	1
"zyd"	0.29704334804109	9.84274037617358e-05	-0.29704334804109	0.205	0.249	1
"Pgm1"	0.309482251884744	0.000112030674655031	-0.309482251884744	0.069	0.1	1
"Taldo"	0.306538876194523	0.00013443060358392	-0.306538876194523	0.072	0.105	1
"Dmtn"	0.297673880399838	0.00014005168546582	-0.297673880399838	0.188	0.226	1
"kibra"	0.2956717576784	0.000160060080402732	-0.2956717576784	0.184	0.229	1
"eEF1gamma"	0.283937737454037	0.000191619088678244	-0.283937737454037	0.134	0.175	1
"Sod3"	0.272532580771224	0.000204004280134178	-0.272532580771224	0.284	0.316	1
"Fum1"	0.265632039186643	0.000224541451625719	-0.265632039186643	0.082	0.115	1
"luna"	0.324806214709682	0.000235818870248531	-0.324806214709682	0.148	0.184	1
"AdipoR"	0.314262598878029	0.000238156588393914	-0.314262598878029	0.083	0.114	1
"GEFmeso"	0.324046785607492	0.000270467597885436	-0.324046785607492	0.087	0.116	1
"CG3662"	0.25100596232116	0.000278669446391958	-0.25100596232116	0.226	0.274	1
"CG14777"	0.282958288485258	0.000281387839298896	-0.282958288485258	0.081	0.113	1
"chic"	0.279508379227525	0.000315704565650865	-0.279508379227525	0.233	0.278	1
"mnd"	0.286615142004448	0.000621494874897696	-0.286615142004448	0.091	0.124	1
"lncRNA:CR43651"	0.276387001459535	0.00105180003102678	-0.276387001459535	0.135	0.171	1
"mrj"	0.30733076698027	0.00107965602105975	-0.30733076698027	0.099	0.125	1
"noc"	0.26777414300192	0.00115630063738959	-0.26777414300192	0.099	0.131	1
"CG3168"	0.358569361986917	0.00132771608897137	-0.358569361986917	0.182	0.218	1
"hth"	0.251268225599962	0.00155243796455925	-0.251268225599962	0.379	0.395	1
"cdi"	0.274651200470564	0.00199897581041003	-0.274651200470564	0.127	0.161	1
"eEF2"	0.251189522015546	0.00201972456226661	-0.251189522015546	0.27	0.31	1
"Ae2"	0.330041577117066	0.00204605157251585	-0.330041577117066	0.152	0.161	1
"rho"	0.291528530164531	0.00210568130357208	-0.291528530164531	0.243	0.278	1
"Gyg"	0.281442006860747	0.00221867046562028	-0.281442006860747	0.091	0.12	1
"euc"	0.284265535506206	0.00222734929259964	-0.284265535506206	0.27	0.286	1
"CG30122"	0.263628666496372	0.00263882956401488	-0.263628666496372	0.08	0.105	1
"Act5C"	0.289735427346058	0.0045001326132262	-0.289735427346058	0.393	0.427	1
"lncRNA:roX2"	0.288282580251179	0.00529586330682525	-0.288282580251179	0.308	0.333	1
"sbm"	0.265278836576089	0.00542222636535068	-0.265278836576089	0.075	0.1	1
"Sirup"	0.357906771031741	0.00618271894210541	-0.357906771031741	0.24	0.268	1
"puc"	0.257339644542418	0.00753101816364751	-0.257339644542418	0.132	0.162	1
"Adgf-D"	0.262012537746393	0.0112842083599113	-0.262012537746393	0.139	0.162	1
"Fas2"	0.316609047579122	0.0190564295180822	-0.316609047579122	0.117	0.126	1
"CG9394"	0.472568111906835	0.0202381443127096	-0.472568111906835	0.479	0.479	1
"CG8312"	0.253117748102561	0.163431519808305	-0.253117748102561	0.095	0.11	1
